,permissions,Longitude,Latitude,complete_geojson_geometry,footprint,links_self,links_assets,links_thumbnail,image id,acquired,anomalous_pixels,clear_confidence_percent,clear_percent,cloud_cover,cloud_percent,columns,epsg_code,ground_control,gsd,heavy_haze_percent,instrument,item_type,light_haze_percent,origin_x,origin_y,pixel_resolution,provider,published,publishing_stage,quality_category,rows,satellite_id,shadow_percent,snow_ice_percent,strip_id,sun_azimuth,sun_elevation,updated,view_angle,visible_confidence_percent,visible_percent
0,assets.analytic_sr:download,76.7275,9.39943,"{'type': 'FeatureCollection', 'features': [{'type': 'Feature', 'properties': {}, 'geometry': {'type': 'Polygon', 'coordinates': [[[75.7275, 8.39943], [77.7275, 8.39943], [77.7275, 10.39943], [75.7275, 10.39943], [75.7275, 8.39943]]]}}]}","[[[77.44607209218617, 8.879933175848631], [77.43388317665072, 8.944735410514395], [77.64698896479157, 8.984907076937688], [77.64894810573811, 8.974459311085106], [77.64904044732073, 8.974476718937169], [77.65069113846668, 8.965951091250794], [77.66004074993589, 8.916114728068168], [77.44684863624454, 8.875928141631311], [77.44607209218617, 8.879933175848631]]]",https://api.planet.com/data/v1/item-types/PSScene4Band/items/20180809_051522_1050,https://api.planet.com/data/v1/item-types/PSScene4Band/items/20180809_051522_1050/assets/,https://tiles.planet.com/data/v1/item-types/PSScene4Band/items/20180809_051522_1050/thumb,20180809_051522_1050,2018-08-09T05:15:22.020593Z,0.0,93,24,0.04,8,8304,32643,True,3.6,7,PS2,PSScene4Band,60,767634,994236,3,planetscope,2018-08-10T04:55:18Z,finalized,standard,4072,1050,1,0,1618357,71.6,64.6,2018-08-10T04:55:18Z,0.1,77,85
1,assets.analytic_sr:download,76.7275,9.39943,"{'type': 'FeatureCollection', 'features': [{'type': 'Feature', 'properties': {}, 'geometry': {'type': 'Polygon', 'coordinates': [[[75.7275, 8.39943], [77.7275, 8.39943], [77.7275, 10.39943], [75.7275, 10.39943], [75.7275, 8.39943]]]}}]}","[[[77.42803911764295, 8.974115996739151], [77.4237077313067, 8.997177663090294], [77.42393483673146, 8.997220472761256], [77.4219164337738, 9.007641071766027], [77.6349055766516, 9.047795708318846], [77.64402290703714, 9.000724559073557], [77.6480908371785, 8.9790309786823], [77.43487418941923, 8.93883704235723], [77.42803911764295, 8.974115996739151]]]",https://api.planet.com/data/v1/item-types/PSScene4Band/items/20180809_051523_1050,https://api.planet.com/data/v1/item-types/PSScene4Band/items/20180809_051523_1050/assets/,https://tiles.planet.com/data/v1/item-types/PSScene4Band/items/20180809_051523_1050/thumb,20180809_051523_1050,2018-08-09T05:15:23.004682Z,0.0,92,14,0.03,9,8303,32643,True,3.6,3,PS2,PSScene4Band,68,766272,1001187,3,planetscope,2018-08-10T04:55:12Z,finalized,standard,4071,1050,6,0,1618357,71.7,64.7,2018-08-10T04:55:12Z,0.1,79,89
2,assets.analytic_sr:download,76.7275,9.39943,"{'type': 'FeatureCollection', 'features': [{'type': 'Feature', 'properties': {}, 'geometry': {'type': 'Polygon', 'coordinates': [[[75.7275, 8.39943], [77.7275, 8.39943], [77.7275, 10.39943], [75.7275, 10.39943], [75.7275, 8.39943]]]}}]}","[[[77.44762624237903, 8.871917629745141], [77.44566972415889, 8.882306129992944], [77.65879258254675, 8.922474474925016], [77.66065598450493, 8.912835334745122], [77.66089834647767, 8.911543469373482], [77.66090546367379, 8.91154481088895], [77.67065762423353, 8.861098130675865], [77.67204539508214, 8.853687056710239], [77.45890480634631, 8.813547144756237], [77.44891261246048, 8.865087406661887], [77.44773058143184, 8.871363621985358], [77.44773355150076, 8.871364181811632], [77.44762624237903, 8.871917629745141]]]",https://api.planet.com/data/v1/item-types/PSScene4Band/items/20180809_051521_1050,https://api.planet.com/data/v1/item-types/PSScene4Band/items/20180809_051521_1050/assets/,https://tiles.planet.com/data/v1/item-types/PSScene4Band/items/20180809_051521_1050/thumb,20180809_051521_1050,2018-08-09T05:15:21.036505Z,0.0,81,1,0.25,38,8314,32643,True,3.6,11,PS2,PSScene4Band,49,768975,987336,3,planetscope,2018-08-10T04:55:07Z,finalized,standard,4070,1050,1,0,1618357,71.5,64.6,2018-08-10T04:55:07Z,0.1,71,50
3,assets.analytic_sr:download,76.7275,9.39943,"{'type': 'FeatureCollection', 'features': [{'type': 'Feature', 'properties': {}, 'geometry': {'type': 'Polygon', 'coordinates': [[[75.7275, 8.39943], [77.7275, 8.39943], [77.7275, 10.39943], [75.7275, 10.39943], [75.7275, 8.39943]]]}}]}","[[[77.41009042780183, 9.070588928252034], [77.62297873073032, 9.110725700290006], [77.6362722323986, 9.041978842860548], [77.4230504395897, 9.001786433160937], [77.411779684588, 9.059975021276335], [77.41214368407987, 9.060043629620994], [77.41009042780183, 9.070588928252034]]]",https://api.planet.com/data/v1/item-types/PSScene4Band/items/20180809_051523_1_1050,https://api.planet.com/data/v1/item-types/PSScene4Band/items/20180809_051523_1_1050/assets/,https://tiles.planet.com/data/v1/item-types/PSScene4Band/items/20180809_051523_1_1050/thumb,20180809_051523_1_1050,2018-08-09T05:15:23.988246Z,0.0,91,9,0.21,37,8301,32643,False,3.6,10,PS2,PSScene4Band,35,764925,1008141,3,planetscope,2018-08-10T04:54:47Z,finalized,test,4070,1050,9,0,1618357,71.8,64.7,2018-08-10T04:54:47Z,0.1,77,53
4,assets.analytic_sr:download,76.7275,9.39943,"{'type': 'FeatureCollection', 'features': [{'type': 'Feature', 'properties': {}, 'geometry': {'type': 'Polygon', 'coordinates': [[[75.7275, 8.39943], [77.7275, 8.39943], [77.7275, 10.39943], [75.7275, 10.39943], [75.7275, 8.39943]]]}}]}","[[[77.50328355638527, 8.877638240203993], [77.49467549764785, 8.923936394869617], [77.70457308154903, 8.963117641310834], [77.70632940219663, 8.953667577992158], [77.7063951240717, 8.95367984051655], [77.71173347038507, 8.925875030577094], [77.71740179034904, 8.89537514331305], [77.50740566926302, 8.856174271463681], [77.50328355638527, 8.877638240203993]]]",https://api.planet.com/data/v1/item-types/PSScene4Band/items/20180807_051514_101c,https://api.planet.com/data/v1/item-types/PSScene4Band/items/20180807_051514_101c/assets/,https://tiles.planet.com/data/v1/item-types/PSScene4Band/items/20180807_051514_101c/thumb,20180807_051514_101c,2018-08-07T05:15:14.069042Z,0.0,50,0,0.01,0,8179,32643,True,3.6,17,PS2,PSScene4Band,83,774339,991869,3,planetscope,2018-08-08T06:15:12Z,finalized,standard,3997,101c,0,0,1613813,70.3,64.5,2018-08-08T06:15:12Z,0.1,51,83
5,assets.analytic_sr:download,76.7275,9.39943,"{'type': 'FeatureCollection', 'features': [{'type': 'Feature', 'properties': {}, 'geometry': {'type': 'Polygon', 'coordinates': [[[75.7275, 8.39943], [77.7275, 8.39943], [77.7275, 10.39943], [75.7275, 10.39943], [75.7275, 8.39943]]]}}]}","[[[77.53889889063727, 8.687016492974418], [77.53169137762598, 8.725767586420138], [77.53190673827827, 8.72580780493388], [77.5301588545369, 8.734917550709076], [77.73978094340548, 8.774094143761902], [77.74655167668067, 8.7387726785832], [77.75257362286528, 8.706336832644805], [77.54271546895757, 8.667119984307535], [77.53889889063727, 8.687016492974418]]]",https://api.planet.com/data/v1/item-types/PSScene4Band/items/20180807_051511_101c,https://api.planet.com/data/v1/item-types/PSScene4Band/items/20180807_051511_101c/assets/,https://tiles.planet.com/data/v1/item-types/PSScene4Band/items/20180807_051511_101c/thumb,20180807_051511_101c,2018-08-07T05:15:11.123068Z,0.01,91,5,0.06,9,8171,32643,True,3.6,1,PS2,PSScene4Band,80,778386,970977,3,planetscope,2018-08-08T06:14:48Z,finalized,standard,3997,101c,5,0,1613813,69.9,64.4,2018-08-08T06:14:48Z,0.1,85,90
6,assets.analytic_sr:download,76.7275,9.39943,"{'type': 'FeatureCollection', 'features': [{'type': 'Feature', 'properties': {}, 'geometry': {'type': 'Polygon', 'coordinates': [[[75.7275, 8.39943], [77.7275, 8.39943], [77.7275, 10.39943], [75.7275, 10.39943], [75.7275, 8.39943]]]}}]}","[[[77.6933039224719, 9.021114699456643], [77.48339412373343, 8.981980282953355], [77.4725813641626, 9.040176518820589], [77.47269310438124, 9.040197544035966], [77.47085537498263, 9.049764953883374], [77.68077528094466, 9.088915405143], [77.68309859689572, 9.076804983341328], [77.68298097553419, 9.07678309908712], [77.6933039224719, 9.021114699456643]]]",https://api.planet.com/data/v1/item-types/PSScene4Band/items/20180807_051516_101c,https://api.planet.com/data/v1/item-types/PSScene4Band/items/20180807_051516_101c/assets/,https://tiles.planet.com/data/v1/item-types/PSScene4Band/items/20180807_051516_101c/thumb,20180807_051516_101c,2018-08-07T05:15:16.033025Z,0.0,48,0,0.06,0,8165,32643,True,3.6,40,PS2,PSScene4Band,59,771624,1005774,3,planetscope,2018-08-08T06:14:28Z,finalized,standard,3997,101c,0,0,1613813,70.5,64.5,2018-08-08T06:14:28Z,0.1,51,59
7,assets.analytic_sr:download,76.7275,9.39943,"{'type': 'FeatureCollection', 'features': [{'type': 'Feature', 'properties': {}, 'geometry': {'type': 'Polygon', 'coordinates': [[[75.7275, 8.39943], [77.7275, 8.39943], [77.7275, 10.39943], [75.7275, 10.39943], [75.7275, 8.39943]]]}}]}","[[[77.45875764992483, 9.112843664759204], [77.66868658557452, 9.15157083076638], [77.68160292461668, 9.084143037603914], [77.47182485272059, 9.044717752231126], [77.46054102241396, 9.103462543098527], [77.46056182585042, 9.10346642127219], [77.45875764992483, 9.112843664759204]]]",https://api.planet.com/data/v1/item-types/PSScene4Band/items/20180807_051517_1_101c,https://api.planet.com/data/v1/item-types/PSScene4Band/items/20180807_051517_1_101c/assets/,https://tiles.planet.com/data/v1/item-types/PSScene4Band/items/20180807_051517_1_101c/thumb,20180807_051517_1_101c,2018-08-07T05:15:17.015017Z,0.0,59,0,0.27,10,8179,32643,True,3.6,70,PS2,PSScene4Band,21,770244,1012698,3,planetscope,2018-08-08T06:14:19Z,finalized,standard,3994,101c,0,0,1613813,70.7,64.5,2018-08-08T06:14:19Z,0.1,57,21
8,assets.analytic_sr:download,76.7275,9.39943,"{'type': 'FeatureCollection', 'features': [{'type': 'Feature', 'properties': {}, 'geometry': {'type': 'Polygon', 'coordinates': [[[75.7275, 8.39943], [77.7275, 8.39943], [77.7275, 10.39943], [75.7275, 10.39943], [75.7275, 8.39943]]]}}]}","[[[77.55202698698294, 8.617898716844763], [77.5420131172602, 8.671789825852779], [77.75170810314249, 8.710998758129373], [77.75340971001305, 8.701833439043355], [77.75351097971897, 8.701852363673892], [77.75695575072697, 8.683877401514748], [77.76450298260052, 8.64325443267254], [77.55468537488883, 8.604022205062915], [77.55202698698294, 8.617898716844763]]]",https://api.planet.com/data/v1/item-types/PSScene4Band/items/20180807_051510_101c,https://api.planet.com/data/v1/item-types/PSScene4Band/items/20180807_051510_101c/assets/,https://tiles.planet.com/data/v1/item-types/PSScene4Band/items/20180807_051510_101c/thumb,20180807_051510_101c,2018-08-07T05:15:10.141077Z,0.0,92,22,0.03,5,8176,32643,True,3.6,0,PS2,PSScene4Band,68,779736,964005,3,planetscope,2018-08-08T06:13:23Z,finalized,standard,3998,101c,5,0,1613813,69.8,64.4,2018-08-08T06:13:23Z,0.1,85,95
9,assets.analytic_sr:download,76.7275,9.39943,"{'type': 'FeatureCollection', 'features': [{'type': 'Feature', 'properties': {}, 'geometry': {'type': 'Polygon', 'coordinates': [[[75.7275, 8.39943], [77.7275, 8.39943], [77.7275, 10.39943], [75.7275, 10.39943], [75.7275, 8.39943]]]}}]}","[[[77.57806564255507, 8.482651814869456], [77.78763895587409, 8.521859916724374], [77.80063811210877, 8.454158225340958], [77.59099080451894, 8.414942559553868], [77.57981890730355, 8.473344831495456], [77.57984821837005, 8.473350315999506], [77.57806564255507, 8.482651814869456]]]",https://api.planet.com/data/v1/item-types/PSScene4Band/items/20180807_051507_101c,https://api.planet.com/data/v1/item-types/PSScene4Band/items/20180807_051507_101c/assets/,https://tiles.planet.com/data/v1/item-types/PSScene4Band/items/20180807_051507_101c/thumb,20180807_051507_101c,2018-08-07T05:15:07.195102Z,0.01,92,17,0.12,23,8184,32643,True,3.6,0,PS2,PSScene4Band,49,783846,943101,3,planetscope,2018-08-08T06:12:16Z,finalized,standard,3996,101c,11,0,1613813,69.4,64.4,2018-08-08T06:12:16Z,0.1,82,77
10,assets.analytic_sr:download,76.7275,9.39943,"{'type': 'FeatureCollection', 'features': [{'type': 'Feature', 'properties': {}, 'geometry': {'type': 'Polygon', 'coordinates': [[[75.7275, 8.39943], [77.7275, 8.39943], [77.7275, 10.39943], [75.7275, 10.39943], [75.7275, 8.39943]]]}}]}","[[[77.57849609539893, 8.48040570751903], [77.56641071383206, 8.54560263995277], [77.77560630186022, 8.584763475875858], [77.77730687040396, 8.57559502934025], [77.77782108185546, 8.575691304133343], [77.7788698688636, 8.570228166057777], [77.78873287895638, 8.517093980579462], [77.57898647110011, 8.477846922085028], [77.57849609539893, 8.48040570751903]]]",https://api.planet.com/data/v1/item-types/PSScene4Band/items/20180807_051508_101c,https://api.planet.com/data/v1/item-types/PSScene4Band/items/20180807_051508_101c/assets/,https://tiles.planet.com/data/v1/item-types/PSScene4Band/items/20180807_051508_101c/thumb,20180807_051508_101c,2018-08-07T05:15:08.177094Z,0.06,93,22,0.18,32,8173,32643,True,3.6,0,PS2,PSScene4Band,34,782517,950052,3,planetscope,2018-08-08T06:12:11Z,finalized,standard,3995,101c,13,0,1613813,69.5,64.4,2018-08-08T06:12:11Z,0.0,86,68
11,assets.analytic_sr:download,76.7275,9.39943,"{'type': 'FeatureCollection', 'features': [{'type': 'Feature', 'properties': {}, 'geometry': {'type': 'Polygon', 'coordinates': [[[75.7275, 8.39943], [77.7275, 8.39943], [77.7275, 10.39943], [75.7275, 10.39943], [75.7275, 8.39943]]]}}]}","[[[77.49232009305432, 8.935321237919133], [77.48276061096554, 8.98674762851171], [77.69242172384422, 9.025872118636928], [77.694138766535, 9.016612648519526], [77.69448941618603, 9.016678023849881], [77.69858253927498, 8.995350368222217], [77.70549226387301, 8.958171886573558], [77.49545067325536, 8.918980823975772], [77.49232009305432, 8.935321237919133]]]",https://api.planet.com/data/v1/item-types/PSScene4Band/items/20180807_051515_101c,https://api.planet.com/data/v1/item-types/PSScene4Band/items/20180807_051515_101c/assets/,https://tiles.planet.com/data/v1/item-types/PSScene4Band/items/20180807_051515_101c/thumb,20180807_051515_101c,2018-08-07T05:15:15.051034Z,0.0,50,0,0.01,0,8178,32643,True,3.6,35,PS2,PSScene4Band,64,772980,998805,3,planetscope,2018-08-08T06:12:07Z,finalized,standard,3995,101c,0,0,1613813,70.4,64.5,2018-08-08T06:12:08Z,0.1,51,64
12,assets.analytic_sr:download,76.7275,9.39943,"{'type': 'FeatureCollection', 'features': [{'type': 'Feature', 'properties': {}, 'geometry': {'type': 'Polygon', 'coordinates': [[[75.7275, 8.39943], [77.7275, 8.39943], [77.7275, 10.39943], [75.7275, 10.39943], [75.7275, 8.39943]]]}}]}","[[[77.51840978775299, 8.798080916910116], [77.72781536402509, 8.837181003028805], [77.74083596866568, 8.769483962360788], [77.53104362926298, 8.730306218369154], [77.51985351244876, 8.78862767131212], [77.5202112622594, 8.788694527861107], [77.51840978775299, 8.798080916910116]]]",https://api.planet.com/data/v1/item-types/PSScene4Band/items/20180807_051512_101c,https://api.planet.com/data/v1/item-types/PSScene4Band/items/20180807_051512_101c/assets/,https://tiles.planet.com/data/v1/item-types/PSScene4Band/items/20180807_051512_101c/thumb,20180807_051512_101c,2018-08-07T05:15:12.105059Z,0.01,86,1,0.04,7,8170,32643,True,3.6,0,PS2,PSScene4Band,87,777045,977952,3,planetscope,2018-08-08T06:11:54Z,finalized,standard,3995,101c,5,0,1613813,70.0,64.4,2018-08-08T06:11:54Z,0.1,80,93
13,assets.analytic_sr:download,76.7275,9.39943,"{'type': 'FeatureCollection', 'features': [{'type': 'Feature', 'properties': {}, 'geometry': {'type': 'Polygon', 'coordinates': [[[75.7275, 8.39943], [77.7275, 8.39943], [77.7275, 10.39943], [75.7275, 10.39943], [75.7275, 8.39943]]]}}]}","[[[77.50648998951387, 8.860942244125994], [77.71626139607442, 8.900104843483048], [77.72918853729928, 8.832401930704078], [77.51934726424392, 8.793196296541126], [77.50812893528645, 8.851648192307875], [77.50826984196043, 8.851674497606563], [77.50648998951387, 8.860942244125994]]]",https://api.planet.com/data/v1/item-types/PSScene4Band/items/20180807_051513_101c,https://api.planet.com/data/v1/item-types/PSScene4Band/items/20180807_051513_101c/assets/,https://tiles.planet.com/data/v1/item-types/PSScene4Band/items/20180807_051513_101c/thumb,20180807_051513_101c,2018-08-07T05:15:13.087051Z,0.01,72,0,0.05,9,8179,32643,True,3.6,1,PS2,PSScene4Band,86,775686,984906,3,planetscope,2018-08-08T06:11:41Z,finalized,standard,3996,101c,4,0,1613813,70.1,64.5,2018-08-08T06:11:41Z,0.1,69,90
14,assets.analytic_sr:download,76.7275,9.39943,"{'type': 'FeatureCollection', 'features': [{'type': 'Feature', 'properties': {}, 'geometry': {'type': 'Polygon', 'coordinates': [[[75.7275, 8.39943], [77.7275, 8.39943], [77.7275, 10.39943], [75.7275, 10.39943], [75.7275, 8.39943]]]}}]}","[[[77.77647165566712, 8.5800980067055], [77.5669229629857, 8.540863384535594], [77.55434020518236, 8.608623067718575], [77.76365384578283, 8.647824910838011], [77.76533944506559, 8.638752174198746], [77.76558396775769, 8.638797895552518], [77.77647165566712, 8.5800980067055]]]",https://api.planet.com/data/v1/item-types/PSScene4Band/items/20180807_051509_101c,https://api.planet.com/data/v1/item-types/PSScene4Band/items/20180807_051509_101c/assets/,https://tiles.planet.com/data/v1/item-types/PSScene4Band/items/20180807_051509_101c/thumb,20180807_051509_101c,2018-08-07T05:15:09.159085Z,0.0,93,51,0.02,4,8164,32643,True,3.6,0,PS2,PSScene4Band,42,781140,957021,3,planetscope,2018-08-08T06:11:05Z,finalized,standard,3997,101c,2,0,1613813,69.6,64.4,2018-08-08T06:11:05Z,0.1,86,96
15,assets.analytic_sr:download,76.7275,9.39943,"{'type': 'FeatureCollection', 'features': [{'type': 'Feature', 'properties': {}, 'geometry': {'type': 'Polygon', 'coordinates': [[[75.7275, 8.39943], [77.7275, 8.39943], [77.7275, 10.39943], [75.7275, 10.39943], [75.7275, 8.39943]]]}}]}","[[[77.59001664207949, 8.42003509653364], [77.79918793994916, 8.459143977820025], [77.8121917572189, 8.391412351714935], [77.60249982621207, 8.352228972672306], [77.59138383105129, 8.410359323718321], [77.59185083274731, 8.410446671209867], [77.59001664207949, 8.42003509653364]]]",https://api.planet.com/data/v1/item-types/PSScene4Band/items/20180807_051506_101c,https://api.planet.com/data/v1/item-types/PSScene4Band/items/20180807_051506_101c/assets/,https://tiles.planet.com/data/v1/item-types/PSScene4Band/items/20180807_051506_101c/thumb,20180807_051506_101c,2018-08-07T05:15:06.213111Z,0.0,90,5,0.08,13,8170,32643,True,3.6,1,PS2,PSScene4Band,76,785211,936168,3,planetscope,2018-08-08T06:11:03Z,finalized,standard,3995,101c,5,0,1613813,69.3,64.4,2018-08-08T06:11:03Z,0.1,78,86
16,assets.analytic_sr:download,76.7275,9.39943,"{'type': 'FeatureCollection', 'features': [{'type': 'Feature', 'properties': {}, 'geometry': {'type': 'Polygon', 'coordinates': [[[75.7275, 8.39943], [77.7275, 8.39943], [77.7275, 10.39943], [75.7275, 10.39943], [75.7275, 8.39943]]]}}]}","[[[77.85826740938681, 9.787621697400079], [77.63031271966271, 9.832121674752964], [77.64473434348325, 9.904980563207438], [77.87223726896771, 9.860635250546611], [77.87028835047361, 9.850822510680073], [77.87096690981271, 9.850690049643083], [77.85826740938681, 9.787621697400079]]]",https://api.planet.com/data/v1/item-types/PSScene4Band/items/20180807_044653_1039,https://api.planet.com/data/v1/item-types/PSScene4Band/items/20180807_044653_1039/assets/,https://tiles.planet.com/data/v1/item-types/PSScene4Band/items/20180807_044653_1039/thumb,20180807_044653_1039,2018-08-07T04:46:53.017255Z,0.0,91,10,0.09,10,8844,32643,True,3.9,0,PS2,PSScene4Band,76,788511,1096059,3,planetscope,2018-08-08T05:37:53Z,finalized,standard,4266,1039,4,0,1613776,74.6,58.2,2018-08-08T05:37:53Z,0.1,83,90
17,assets.analytic_sr:download,76.7275,9.39943,"{'type': 'FeatureCollection', 'features': [{'type': 'Feature', 'properties': {}, 'geometry': {'type': 'Polygon', 'coordinates': [[[75.7275, 8.39943], [77.7275, 8.39943], [77.7275, 10.39943], [75.7275, 10.39943], [75.7275, 8.39943]]]}}]}","[[[77.48023295580676, 9.079495631326205], [77.48487565233567, 9.102626881292073], [77.71278256448814, 9.058091475254852], [77.7107582201615, 9.048029442273453], [77.71094932777596, 9.047992062031259], [77.70285835818935, 9.006558157997313], [77.69852428800257, 8.985099363266805], [77.47054753945706, 9.029660043072878], [77.48023295580676, 9.079495631326205]]]",https://api.planet.com/data/v1/item-types/PSScene4Band/items/20180807_044705_1039,https://api.planet.com/data/v1/item-types/PSScene4Band/items/20180807_044705_1039/assets/,https://tiles.planet.com/data/v1/item-types/PSScene4Band/items/20180807_044705_1039/thumb,20180807_044705_1039,2018-08-07T04:47:05.668849Z,0.0,91,3,0.06,0,8876,32643,True,3.9,31,PS2,PSScene4Band,67,771606,1007136,3,planetscope,2018-08-08T05:37:00Z,finalized,standard,4280,1039,0,0,1613776,73.3,57.9,2018-08-08T05:37:00Z,0.1,75,69
18,assets.analytic_sr:download,76.7275,9.39943,"{'type': 'FeatureCollection', 'features': [{'type': 'Feature', 'properties': {}, 'geometry': {'type': 'Polygon', 'coordinates': [[[75.7275, 8.39943], [77.7275, 8.39943], [77.7275, 10.39943], [75.7275, 10.39943], [75.7275, 8.39943]]]}}]}","[[[77.39780668156135, 8.665979826012666], [77.40249787621994, 8.68958612457339], [77.40290994840477, 8.689505719286352], [77.40484791652129, 8.699521219613462], [77.6324723600987, 8.655153470249639], [77.62441394553124, 8.613687543778967], [77.6180956500826, 8.582159686242495], [77.39017800100103, 8.626572102409808], [77.39780668156135, 8.665979826012666]]]",https://api.planet.com/data/v1/item-types/PSScene4Band/items/20180807_044711_1039,https://api.planet.com/data/v1/item-types/PSScene4Band/items/20180807_044711_1039/assets/,https://tiles.planet.com/data/v1/item-types/PSScene4Band/items/20180807_044711_1039/thumb,20180807_044711_1039,2018-08-07T04:47:11.994908Z,0.0,93,40,0.13,12,8888,32643,True,3.9,0,PS2,PSScene4Band,43,763050,962475,3,planetscope,2018-08-08T05:36:50Z,finalized,standard,4279,1039,4,0,1613776,72.8,57.7,2018-08-08T05:36:50Z,0.1,88,88
19,assets.analytic_sr:download,76.7275,9.39943,"{'type': 'FeatureCollection', 'features': [{'type': 'Feature', 'properties': {}, 'geometry': {'type': 'Polygon', 'coordinates': [[[75.7275, 8.39943], [77.7275, 8.39943], [77.7275, 10.39943], [75.7275, 10.39943], [75.7275, 8.39943]]]}}]}","[[[77.41812023500984, 8.766608583766395], [77.64570242387013, 8.722185883446938], [77.63151594546598, 8.64918743137368], [77.40370966166175, 8.69363867086519], [77.41593939192212, 8.756842428645617], [77.41621716223564, 8.756788226815887], [77.41812023500984, 8.766608583766395]]]",https://api.planet.com/data/v1/item-types/PSScene4Band/items/20180807_044710_1039,https://api.planet.com/data/v1/item-types/PSScene4Band/items/20180807_044710_1039/assets/,https://tiles.planet.com/data/v1/item-types/PSScene4Band/items/20180807_044710_1039/thumb,20180807_044710_1039,2018-08-07T04:47:10.940565Z,0.0,93,27,0.17,24,8875,32643,True,3.9,0,PS2,PSScene4Band,41,764493,969906,3,planetscope,2018-08-08T05:36:40Z,finalized,standard,4280,1039,8,0,1613776,72.9,57.7,2018-08-08T05:36:40Z,0.1,87,76
20,assets.analytic_sr:download,76.7275,9.39943,"{'type': 'FeatureCollection', 'features': [{'type': 'Feature', 'properties': {}, 'geometry': {'type': 'Polygon', 'coordinates': [[[75.7275, 8.39943], [77.7275, 8.39943], [77.7275, 10.39943], [75.7275, 10.39943], [75.7275, 8.39943]]]}}]}","[[[77.42602448230302, 8.807396582468753], [77.42932163773685, 8.823903620278974], [77.42985771428614, 8.823799057347992], [77.43179781475757, 8.833813484979743], [77.65930618240871, 8.789421473696532], [77.646851849621, 8.725374890294809], [77.64506519242585, 8.716420637691812], [77.41701768850477, 8.760919153293244], [77.42602448230302, 8.807396582468753]]]",https://api.planet.com/data/v1/item-types/PSScene4Band/items/20180807_044709_1039,https://api.planet.com/data/v1/item-types/PSScene4Band/items/20180807_044709_1039/assets/,https://tiles.planet.com/data/v1/item-types/PSScene4Band/items/20180807_044709_1039/thumb,20180807_044709_1039,2018-08-07T04:47:09.886222Z,0.0,92,12,0.02,1,8885,32643,True,3.9,0,PS2,PSScene4Band,86,765909,977352,3,planetscope,2018-08-08T05:36:37Z,finalized,standard,4278,1039,1,0,1613776,73.0,57.8,2018-08-08T05:36:37Z,0.1,82,99
21,assets.analytic_sr:download,76.7275,9.39943,"{'type': 'FeatureCollection', 'features': [{'type': 'Feature', 'properties': {}, 'geometry': {'type': 'Polygon', 'coordinates': [[[75.7275, 8.39943], [77.7275, 8.39943], [77.7275, 10.39943], [75.7275, 10.39943], [75.7275, 8.39943]]]}}]}","[[[77.69432895821873, 10.159933547822707], [77.6949967131809, 10.1633030660062], [77.69524966441729, 10.16325377538602], [77.69734288348802, 10.173965342928614], [77.92577022742167, 10.129410161910831], [77.911278942534, 10.056509476788982], [77.68284212973307, 10.10108587583063], [77.69432895821873, 10.159933547822707]]]",https://api.planet.com/data/v1/item-types/PSScene4Band/items/20180807_044648_1039,https://api.planet.com/data/v1/item-types/PSScene4Band/items/20180807_044648_1039/assets/,https://tiles.planet.com/data/v1/item-types/PSScene4Band/items/20180807_044648_1039/thumb,20180807_044648_1039,2018-08-07T04:46:48.799883Z,0.0,92,1,0.18,1,8873,32643,True,3.9,37,PS2,PSScene4Band,62,794037,1125879,3,planetscope,2018-08-08T05:36:06Z,finalized,standard,4268,1039,0,0,1613776,75.0,58.3,2018-08-08T05:36:06Z,0.1,68,62
22,assets.analytic_sr:download,76.7275,9.39943,"{'type': 'FeatureCollection', 'features': [{'type': 'Feature', 'properties': {}, 'geometry': {'type': 'Polygon', 'coordinates': [[[75.7275, 8.39943], [77.7275, 8.39943], [77.7275, 10.39943], [75.7275, 10.39943], [75.7275, 8.39943]]]}}]}","[[[77.63093800687244, 9.838518665952808], [77.85924555064224, 9.794096736709276], [77.84487788571735, 9.72110123961528], [77.6170714387816, 9.765561960036289], [77.62829043787323, 9.822198474396949], [77.62777267549689, 9.822299788900711], [77.63093800687244, 9.838518665952808]]]",https://api.planet.com/data/v1/item-types/PSScene4Band/items/20180807_044654_1039,https://api.planet.com/data/v1/item-types/PSScene4Band/items/20180807_044654_1039/assets/,https://tiles.planet.com/data/v1/item-types/PSScene4Band/items/20180807_044654_1039/thumb,20180807_044654_1039,2018-08-07T04:46:54.071599Z,0.0,88,0,0.29,14,8855,32643,True,3.9,13,PS2,PSScene4Band,68,787116,1088694,3,planetscope,2018-08-08T05:35:58Z,finalized,standard,4270,1039,4,0,1613776,74.5,58.2,2018-08-08T05:35:58Z,0.1,76,73
23,assets.analytic_sr:download,76.7275,9.39943,"{'type': 'FeatureCollection', 'features': [{'type': 'Feature', 'properties': {}, 'geometry': {'type': 'Polygon', 'coordinates': [[[75.7275, 8.39943], [77.7275, 8.39943], [77.7275, 10.39943], [75.7275, 10.39943], [75.7275, 8.39943]]]}}]}","[[[77.71158796788424, 9.05215371542333], [77.48359917510994, 9.096751110235294], [77.49822251644122, 9.169693392722563], [77.72609773078247, 9.125070376616879], [77.72404697773564, 9.114856449112366], [77.72419700116198, 9.114827099113215], [77.71158796788424, 9.05215371542333]]]",https://api.planet.com/data/v1/item-types/PSScene4Band/items/20180807_044704_1039,https://api.planet.com/data/v1/item-types/PSScene4Band/items/20180807_044704_1039/assets/,https://tiles.planet.com/data/v1/item-types/PSScene4Band/items/20180807_044704_1039/thumb,20180807_044704_1039,2018-08-07T04:47:04.614506Z,0.0,89,1,0.22,14,8884,32643,True,3.9,32,PS2,PSScene4Band,53,772989,1014570,3,planetscope,2018-08-08T05:35:35Z,finalized,standard,4281,1039,2,0,1613776,73.4,57.9,2018-08-08T05:35:35Z,0.1,73,55
24,assets.analytic_sr:download,76.7275,9.39943,"{'type': 'FeatureCollection', 'features': [{'type': 'Feature', 'properties': {}, 'geometry': {'type': 'Polygon', 'coordinates': [[[75.7275, 8.39943], [77.7275, 8.39943], [77.7275, 10.39943], [75.7275, 10.39943], [75.7275, 8.39943]]]}}]}","[[[77.6851496725828, 8.917791953583244], [77.45714670305696, 8.962307546625766], [77.47172841199004, 9.035237384346525], [77.69966603390607, 8.990752361469816], [77.69769084411057, 8.980972826171806], [77.69784494012904, 8.98094270568093], [77.6851496725828, 8.917791953583244]]]",https://api.planet.com/data/v1/item-types/PSScene4Band/items/20180807_044706_1039,https://api.planet.com/data/v1/item-types/PSScene4Band/items/20180807_044706_1039/assets/,https://tiles.planet.com/data/v1/item-types/PSScene4Band/items/20180807_044706_1039/thumb,20180807_044706_1039,2018-08-07T04:47:06.723192Z,0.0,92,5,0.03,3,8888,32643,True,3.9,9,PS2,PSScene4Band,83,770181,999669,3,planetscope,2018-08-08T05:35:25Z,finalized,standard,4278,1039,1,0,1613776,73.3,57.8,2018-08-08T05:35:25Z,0.1,76,88
25,assets.analytic_sr:download,76.7275,9.39943,"{'type': 'FeatureCollection', 'features': [{'type': 'Feature', 'properties': {}, 'geometry': {'type': 'Polygon', 'coordinates': [[[75.7275, 8.39943], [77.7275, 8.39943], [77.7275, 10.39943], [75.7275, 10.39943], [75.7275, 8.39943]]]}}]}","[[[77.45708781054084, 8.96219071824], [77.45825433173113, 8.968029031890426], [77.68625937739965, 8.923598586803886], [77.68452838044564, 8.914701426692734], [77.68431998764562, 8.913664807180368], [77.68432645413166, 8.913663544597114], [77.67239546962682, 8.852339416222652], [77.6720431508921, 8.850587577835745], [77.44409793460981, 8.895036795798081], [77.45522276393056, 8.952448711610486], [77.45519301824135, 8.952454526859626], [77.45708781054084, 8.96219071824]]]",https://api.planet.com/data/v1/item-types/PSScene4Band/items/20180807_044707_1039,https://api.planet.com/data/v1/item-types/PSScene4Band/items/20180807_044707_1039/assets/,https://tiles.planet.com/data/v1/item-types/PSScene4Band/items/20180807_044707_1039/thumb,20180807_044707_1039,2018-08-07T04:47:07.777535Z,0.0,91,1,0.01,0,8876,32643,True,3.9,7,PS2,PSScene4Band,92,768795,992223,3,planetscope,2018-08-08T05:35:04Z,finalized,standard,4279,1039,0,0,1613776,73.2,57.8,2018-08-08T05:35:04Z,0.1,69,93
26,assets.analytic_sr:download,76.7275,9.39943,"{'type': 'FeatureCollection', 'features': [{'type': 'Feature', 'properties': {}, 'geometry': {'type': 'Polygon', 'coordinates': [[[75.7275, 8.39943], [77.7275, 8.39943], [77.7275, 10.39943], [75.7275, 10.39943], [75.7275, 8.39943]]]}}]}","[[[77.87110890506523, 9.854953975786612], [77.64290081258535, 9.89947230856348], [77.65747627493107, 9.972388410575103], [77.88599322988993, 9.927847698283864], [77.88272657443136, 9.911733430400929], [77.88239867202681, 9.91179757734495], [77.87110890506523, 9.854953975786612]]]",https://api.planet.com/data/v1/item-types/PSScene4Band/items/20180807_044651_1039,https://api.planet.com/data/v1/item-types/PSScene4Band/items/20180807_044651_1039/assets/,https://tiles.planet.com/data/v1/item-types/PSScene4Band/items/20180807_044651_1039/thumb,20180807_044651_1039,2018-08-07T04:46:51.962912Z,0.0,93,24,0.03,3,8885,32643,True,3.9,0,PS2,PSScene4Band,73,789834,1103532,3,planetscope,2018-08-08T05:34:41Z,finalized,standard,4269,1039,0,0,1613776,74.7,58.2,2018-08-08T05:34:41Z,0.2,86,97
27,assets.analytic_sr:download,76.7275,9.39943,"{'type': 'FeatureCollection', 'features': [{'type': 'Feature', 'properties': {}, 'geometry': {'type': 'Polygon', 'coordinates': [[[75.7275, 8.39943], [77.7275, 8.39943], [77.7275, 10.39943], [75.7275, 10.39943], [75.7275, 8.39943]]]}}]}","[[[77.67041797597402, 10.03918652953405], [77.8988606404418, 9.994657689886493], [77.88437190124584, 9.921734747439642], [77.65617090913766, 9.966265240963176], [77.66743105715352, 10.023969849466054], [77.66740734703157, 10.023974479121808], [77.67041797597402, 10.03918652953405]]]",https://api.planet.com/data/v1/item-types/PSScene4Band/items/20180807_044650_1039,https://api.planet.com/data/v1/item-types/PSScene4Band/items/20180807_044650_1039/assets/,https://tiles.planet.com/data/v1/item-types/PSScene4Band/items/20180807_044650_1039/thumb,20180807_044650_1039,2018-08-07T04:46:50.908569Z,0.0,93,9,0.06,10,8868,32643,True,3.9,3,PS2,PSScene4Band,77,791232,1110936,3,planetscope,2018-08-08T05:34:17Z,finalized,standard,4269,1039,0,0,1613776,74.8,58.2,2018-08-08T05:34:17Z,0.1,78,87
28,assets.analytic_sr:download,76.7275,9.39943,"{'type': 'FeatureCollection', 'features': [{'type': 'Feature', 'properties': {}, 'geometry': {'type': 'Polygon', 'coordinates': [[[75.7275, 8.39943], [77.7275, 8.39943], [77.7275, 10.39943], [75.7275, 10.39943], [75.7275, 8.39943]]]}}]}","[[[77.44522180380942, 8.900836748499502], [77.67257241218836, 8.85652422870356], [77.65843725079542, 8.783504919473243], [77.43065841748187, 8.827932134127382], [77.44287386729614, 8.89098595013118], [77.44329700527835, 8.89090343913942], [77.44522180380942, 8.900836748499502]]]",https://api.planet.com/data/v1/item-types/PSScene4Band/items/20180807_044708_1039,https://api.planet.com/data/v1/item-types/PSScene4Band/items/20180807_044708_1039/assets/,https://tiles.planet.com/data/v1/item-types/PSScene4Band/items/20180807_044708_1039/thumb,20180807_044708_1039,2018-08-07T04:47:08.831878Z,0.0,92,9,0.07,10,8869,32643,True,3.9,0,PS2,PSScene4Band,74,767364,984780,3,planetscope,2018-08-08T05:34:14Z,finalized,standard,4276,1039,6,0,1613776,73.1,57.8,2018-08-08T05:34:14Z,0.1,80,90
29,assets.analytic_sr:download,76.7275,9.39943,"{'type': 'FeatureCollection', 'features': [{'type': 'Feature', 'properties': {}, 'geometry': {'type': 'Polygon', 'coordinates': [[[75.7275, 8.39943], [77.7275, 8.39943], [77.7275, 10.39943], [75.7275, 10.39943], [75.7275, 8.39943]]]}}]}","[[[77.8978556937631, 9.988962359265217], [77.66931574813907, 10.03360200661994], [77.68396313795535, 10.106498250623684], [77.91271927603607, 10.061858850267473], [77.91111568409914, 10.053712360305257], [77.90948672515675, 10.045628631157166], [77.90912831787979, 10.045698399657587], [77.8978556937631, 9.988962359265217]]]",https://api.planet.com/data/v1/item-types/PSScene4Band/items/20180807_044649_1039,https://api.planet.com/data/v1/item-types/PSScene4Band/items/20180807_044649_1039/assets/,https://tiles.planet.com/data/v1/item-types/PSScene4Band/items/20180807_044649_1039/thumb,20180807_044649_1039,2018-08-07T04:46:49.854226Z,0.0,92,10,0.05,1,8892,32643,True,3.9,16,PS2,PSScene4Band,72,792615,1118400,3,planetscope,2018-08-08T05:33:44Z,finalized,standard,4272,1039,0,0,1613776,74.9,58.3,2018-08-08T05:33:44Z,0.1,81,82
